Catalogue number or Accession number,Classification,Storage Method,Field Coll Place Description,Field Coll Place,Field Coll Site,Label recorded latitude,Label recorded longitude ,Field Coll Site interrpretted latitude,Field Coll Site interrpretted longitude,Field Coll Date,Field Coll Person
2007.215.1262,Anagotus,Pinned,"Hawdon Valley, Arthurs Pass National Park, MC - found at base of tree in leaf litter",MC (Mid Canterbury)/SO (South Island including Stewart Island)/NZ (New Zealand)/Crosby Code,Hawdon River; Canterbury Land District/New Zealand Land Districts,,,-42.941649,171.746497,4-Jan-84,Peter (P) McClelland
2007.215.1263,Anagotus,Pinned,"Arthurs Pass National Park, MC - found under a rotting log",MC (Mid Canterbury)/SO (South Island including Stewart Island)/NZ (New Zealand)/Crosby Code,Trust/Poulter Hut; Canterbury Land District/New Zealand Land Districts,,,-42.85,171.84,4-Jan-84,Peter (P) McClelland
2007.215.1269,Anagotus,Pinned,"Hawdon River, MC - in beech leaf litter",NC (North Canterbury)/SO (South Island including Stewart Island)/NZ (New Zealand)/Crosby Code,Hawdon River; Canterbury Land District/New Zealand Land Districts,,,-42.941649,171.746497,4-Mar-84,Peter (P) McClelland
2007.215.2104,Anagotus,Pinned,"Arthurs Pass, NC - found in forest litter",,,,,-42.943638,171.567092,4-Jan-84,P (P) McLelland
2007.215.1270,Anagotus/halli,Pinned,"Pass above Clarence Reserve, KA",,,,,-42.329822,173.42891,3-Dec-69,T (T) Whittaker
2007.215.1271,Anagotus/halli,Pinned,"Pass above Clarence Reserve, KA",,,,,-42.329822,173.42891,3-Dec-69,T (T) Whittaker
2007.215.1225,Anagotus/latirostris,Pinned,"Obelisk, Old Man Range, CO - stones",CO (Central Otago)/SO (South Island including Stewart Island)/NZ (New Zealand)/Crosby Code,Obelisk; Otago Land District/New Zealand Land Districts,,,-45.32,169.2,28-Nov-06,Peter Malcolm (Peter) Johns; Renae E (Renae E) Pratt; Lorraine (Lorraine) Cook
2007.215.2401,Anagotus,Pinned,"Mount Pisa, Pisa Range, CO - under stones",CO (Central Otago)/SO (South Island including Stewart Island)/NZ (New Zealand)/Crosby Code,Mount Pisa; Otago Land District/New Zealand Land Districts,,,-44.87,169.19,9-Jan-05,Peter Malcolm (Peter) Johns; Zoe (Zoe) Hill
2007.215.1226,Anagotus/latirostris,Pinned,"Obelisk, Old Man Range, CO - stones",CO (Central Otago)/SO (South Island including Stewart Island)/NZ (New Zealand)/Crosby Code,Obelisk; Otago Land District/New Zealand Land Districts,,,-45.32,169.2,28-Nov-06,Peter Malcolm (Peter) Johns; Renae E (Renae E) Pratt; Lorraine (Lorraine) Cook
2007.215.2427,Anagotus/rugosus,Pinned,"Maud Island, SD - forest, at night",SD (Marlborough Sounds)/SO (South Island including Stewart Island)/NZ (New Zealand)/Crosby Code,Maud Island; Marlborough Land District/New Zealand Land Districts,,,-41.02,173.9,02 Jun 1990-04 Jun 1990,Peter Malcolm (Peter) Johns
2007.215.1735,Anagotus/latirostris,Pinned,"Mount Luxmore, Fiordland National Park, FD - scree and P nivalis",FD (Fiordland)/SO (South Island including Stewart Island)/NZ (New Zealand)/Crosby Code,Mount Luxmore; Southland Land District/New Zealand Land Districts,,,-45.39632,167.595935,5-Jan-73,Peter Malcolm (Peter) Johns
2007.215.1736,Anagotus/latirostris,Pinned,"Old Man Range, CO - rocks, in mat vegetation",,,,,-45.35504,169.210396,24-Oct-69,Peter Malcolm (Peter) Johns
2007.215.1737,Anagotus/latirostris,Pinned,"Old Man Range, CO - rocks, in mat vegetation",,,,,-45.35504,169.210396,24-Oct-69,Peter Malcolm (Peter) Johns
2007.215.1738,Anagotus/latirostris,Pinned,"Old Man Range, CO - rocks, in mat vegetation",,,,,-45.35504,169.210396,24-Oct-69,Peter Malcolm (Peter) Johns
2007.215.1739,Anagotus/latirostris,Pinned,"Old Man Range, CO - rocks, in mat vegetation",,,,,-45.35504,169.210396,24-Oct-69,Peter Malcolm (Peter) Johns
2007.215.2105,Anagotus/latirostris,Pinned,"Obelisk, Obelisk Range, CO - (2212755367 grid number?)",CO (Central Otago)/SO (South Island including Stewart Island)/NZ (New Zealand)/Crosby Code,Obelisk; Otago Land District/New Zealand Land Districts,,,-45.32,169.2,24-Jan-97,Simon (Simon J) Morris
2007.215.2106,Anagotus,Pinned,"Kirkliston Range, SC - stonefield with occ. Mat plants",SC (South Canterbury)/SO (South Island including Stewart Island)/NZ (New Zealand)/Crosby Code; MK (Mackenzie)/SO (South Island including Stewart Island)/NZ (New Zealand)/Crosby Code,KIRKLISTON RANGE; Canterbury Land District/New Zealand Land Districts,,,-44.54322,170.511769,08 Feb 1978-09 Feb 1978,Peter Malcolm (Peter) Johns; Manfred (Manfred) Ingerfeld
2007.215.2107,Anagotus,Pinned,"Lake Ohau, Omarama, Quailburn, MK - upper flats, Aciphylla flowers",MK (Mackenzie)/SO (South Island including Stewart Island)/NZ (New Zealand)/Crosby Code,Quail Burn; Otago Land District/New Zealand Land Districts,,,-44.4,169.88,5-Dec-03,Peter Malcolm (Peter) Johns; Denise C (Denise) Nicholls
2007.215.2108,Curculionidae/Entiminae,Pinned,"Lake Ohau, Omarama, Quailburn, MK - upper flats, Aciphylla flowers",MK (Mackenzie)/SO (South Island including Stewart Island)/NZ (New Zealand)/Crosby Code,Quail Burn; Otago Land District/New Zealand Land Districts,,,-44.4,169.88,5-Dec-03,Peter Malcolm (Peter) Johns; Denise C (Denise) Nicholls
2007.215.2109,Anagotus/latirostris,Pinned,"Mount Pisa, Pisa Range, CO - under stones",CO (Central Otago)/SO (South Island including Stewart Island)/NZ (New Zealand)/Crosby Code,Mount Pisa; Otago Land District/New Zealand Land Districts,,,-44.87,169.19,27-Feb-02,Peter Malcolm (Peter) Johns; A J (A) Evans
2007.215.2110,Anagotus/latirostris,Pinned,"Mount Pisa, Pisa Range, CO - under stones",CO (Central Otago)/SO (South Island including Stewart Island)/NZ (New Zealand)/Crosby Code,Mount Pisa; Otago Land District/New Zealand Land Districts,,,-44.87,169.19,9-Jan-05,Peter Malcolm (Peter) Johns; Zoe (Zoe) Hill
2007.215.2111,Anagotus/latirostris,Pinned,"Mount Pisa, Pisa Range, CO - under stones",CO (Central Otago)/SO (South Island including Stewart Island)/NZ (New Zealand)/Crosby Code,Mount Pisa; Otago Land District/New Zealand Land Districts,,,-44.87,169.19,9-Jan-05,Peter Malcolm (Peter) Johns; Zoe (Zoe) Hill
2007.215.2112,Anagotus/latirostris,Pinned,"Mount Pisa, Pisa Range, CO - under stones",CO (Central Otago)/SO (South Island including Stewart Island)/NZ (New Zealand)/Crosby Code,Mount Pisa; Otago Land District/New Zealand Land Districts,,,-44.87,169.19,9-Jan-05,Peter Malcolm (Peter) Johns; Zoe (Zoe) Hill
2007.215.2113,Anagotus/latirostris,Pinned,"Mount Pisa, Pisa Range, CO - under stones",CO (Central Otago)/SO (South Island including Stewart Island)/NZ (New Zealand)/Crosby Code,Mount Pisa; Otago Land District/New Zealand Land Districts,,,-44.87,169.19,9-Jan-05,Peter Malcolm (Peter) Johns; Zoe (Zoe) Hill
2007.215.2114,Anagotus/latirostris,Pinned,"Mount Pisa, Pisa Range, CO - under stones",CO (Central Otago)/SO (South Island including Stewart Island)/NZ (New Zealand)/Crosby Code,Mount Pisa; Otago Land District/New Zealand Land Districts,,,-44.87,169.19,9-Jan-05,Peter Malcolm (Peter) Johns; Zoe (Zoe) Hill
2007.215.2115,Anagotus/latirostris,Pinned,"Mount Pisa, Pisa Range, CO - under stones",CO (Central Otago)/SO (South Island including Stewart Island)/NZ (New Zealand)/Crosby Code,Mount Pisa; Otago Land District/New Zealand Land Districts,,,-44.87,169.19,9-Jan-05,Peter Malcolm (Peter) Johns; Zoe (Zoe) Hill
2007.215.2116,Anagotus/latirostris,Pinned,"Mount Pisa, Pisa Range, CO - under stones",CO (Central Otago)/SO (South Island including Stewart Island)/NZ (New Zealand)/Crosby Code,Mount Pisa; Otago Land District/New Zealand Land Districts,,,-44.87,169.19,9-Jan-05,Peter Malcolm (Peter) Johns; Zoe (Zoe) Hill
2007.215.2117,Anagotus/latirostris,Pinned,"Mount Pisa, Pisa Range, CO - under stones",CO (Central Otago)/SO (South Island including Stewart Island)/NZ (New Zealand)/Crosby Code,Mount Pisa; Otago Land District/New Zealand Land Districts,,,-44.87,169.19,27-Feb-02,Peter Malcolm (Peter) Johns; A J (A) Evans
2007.215.2118,Anagotus/latirostris,Pinned,"Mount Pisa, Pisa Range, CO - under stones",CO (Central Otago)/SO (South Island including Stewart Island)/NZ (New Zealand)/Crosby Code,Mount Pisa; Otago Land District/New Zealand Land Districts,,,-44.87,169.19,27-Feb-02,Peter Malcolm (Peter) Johns; A J (A) Evans
2007.215.2119,Anagotus/latirostris,Pinned,"Mount Pisa, Pisa Range, CO - under stones",CO (Central Otago)/SO (South Island including Stewart Island)/NZ (New Zealand)/Crosby Code,Mount Pisa; Otago Land District/New Zealand Land Districts,,,-44.87,169.19,27-Feb-02,Peter Malcolm (Peter) Johns; A J (A) Evans
2007.215.2120,Anagotus/latirostris,Pinned,"Sugar Bowl Basin, Remarkables, CO - rocks",,,,,-45.052484,168.827977,26-Feb-02,Peter Malcolm (Peter) Johns; A J (A) Evans
2007.215.2121,Anagotus/latirostris,Pinned,"Ski Field area, Remarkables, CO - rocks and stones by stream",,,,,-45.053211,168.81712,26-Feb-02,Peter Malcolm (Peter) Johns; A J (A) Evans
2007.215.2122,Anagotus/latirostris,Pinned,"Ski Field area, Remarkables, CO - rock outcrops, tussock",,,,,-45.053211,168.81712,2-Mar-01,Peter Malcolm (Peter) Johns
2007.215.2123,Anagotus/latirostris,Pinned,"Ski Field area, Remarkables, CO - rock outcrops, tussock",,,,,-45.053211,168.81712,2-Mar-01,Peter Malcolm (Peter) Johns
2007.215.2124,Anagotus/latirostris,Pinned,"Ski Field area, Remarkables, CO - rock outcrops, tussock",,,,,-45.053211,168.81712,2-Mar-01,Peter Malcolm (Peter) Johns
2007.215.2125,Anagotus/latirostris,Pinned,"Obelisk (Symes) Road, Old Man Range, CO - stones around tors, fell-field",CO (Central Otago)/SO (South Island including Stewart Island)/NZ (New Zealand)/Crosby Code,Obelisk; Otago Land District/New Zealand Land Districts,,,-45.32,169.2,19-Mar-04,Peter Malcolm (Peter) Johns
2007.215.2126,Anagotus/latirostris,Pinned,"Tower Peak Ridge, Takitimu Range, FD - under rocks etc",SL (Southland)/SO (South Island including Stewart Island)/NZ (New Zealand)/Crosby Code,Tower Peak; Southland Land District/New Zealand Land Districts,,,-45.645593,167.799119,16-Feb-91,Peter Malcolm (Peter) Johns
2007.215.2127,Anagotus/latirostris,Pinned,"Tower Peak Ridge, Takitimu Range, FD - under rocks etc",SL (Southland)/SO (South Island including Stewart Island)/NZ (New Zealand)/Crosby Code,Tower Peak; Southland Land District/New Zealand Land Districts,,,-45.645593,167.799119,16-Feb-91,Peter Malcolm (Peter) Johns
2007.215.2128,Anagotus/latirostris,Pinned,"Old Woman Range, CO - under stones around tors",,,,,-45.309669,168.972749,16-Dec-99,Peter Malcolm (Peter) Johns
2007.215.2129,Anagotus/latirostris,Pinned,"Old Woman Range, CO - under stones around tors",,,,,-45.309669,168.972749,16-Dec-99,Peter Malcolm (Peter) Johns
2007.215.2130,Anagotus/latirostris,Pinned,"Old Woman Range, CO - under stones around tors",,,,,-45.309669,168.972749,16-Dec-99,Peter Malcolm (Peter) Johns
2007.215.672,Anagotus/gourlayi,Pinned,"Mount Arthur, NC",NN (Nelson)/SO (South Island including Stewart Island)/NZ (New Zealand)/Crosby Code,Mount Arthur; Nelson Land District/New Zealand Land Districts,,,-41.21,172.68,Jan-68,P.R. (P.R.) Kettle
2007.215.673,Anagotus/gourlayi,Pinned,"Mount Arthur, NC",NN (Nelson)/SO (South Island including Stewart Island)/NZ (New Zealand)/Crosby Code,Mount Arthur; Nelson Land District/New Zealand Land Districts,,,-41.21,172.68,Jan-68,P.R. (P.R.) Kettle
2007.215.674,Anagotus/gourlayi,Pinned,"Baton Saddle, NN",,,,,-41.255452,172.577319,10-Jan-61,James Ian (J Ian) Townsend
2007.215.675,Anagotus/gourlayi,Pinned,"Maud Island Malborough sound, SD, stones in pasture",SD (Marlborough Sounds)/SO (South Island including Stewart Island)/NZ (New Zealand)/Crosby Code,Maud Island; Marlborough Land District/New Zealand Land Districts,,,-41.02,173.9,02 Jun 1990-04 Jun 1990,Peter Malcolm (Peter) Johns
2007.215.676,Anagotus/helmsi,Pinned,"Princhester Stream, Takitimu Mountains, SL, near hut at night",SL (Southland)/SO (South Island including Stewart Island)/NZ (New Zealand)/Crosby Code,Princhester Base Hut; Southland Land District/New Zealand Land Districts,,,-45.59,167.95,01 Dec 2006-05 Dec 2006,Peter Malcolm (Peter) Johns
2007.215.677,Anagotus/helmsi,Pinned,"Owaka, Catlins Rain Forest Park, SL, silver beech, malaise trap",SL (Southland)/SO (South Island including Stewart Island)/NZ (New Zealand)/Crosby Code,Catlins Conservation Park; Southland Land District/New Zealand Land Districts,,,-46.489722,169.06,27 Jan 2002-05 Mar 2002,Dr Mathias (Mathias) Jaschhof
2007.215.678,Anagotus/helmsi,Pinned,"Owaka, Catlins Rain Forest Park, SL, silver beech, malaise trap",SL (Southland)/SO (South Island including Stewart Island)/NZ (New Zealand)/Crosby Code,Catlins Conservation Park; Southland Land District/New Zealand Land Districts,,,-46.489722,169.06,27 Jan 2002-05 Mar 2002,Dr Mathias (Mathias) Jaschhof
